{
    "rmse": 0.800449951606483,
    "mae": 0.6529580667736159,
    "r2": 0.01956483505810802
}